Course Title,About Course,Course Released Languages,Who This Course Is For
Honey Bee Farming,Learn the basics of beekeeping and honey production.,24,Beginners and aspiring beekeepers
Poultry Farming for Beginners,A comprehensive guide to starting and managing a poultry farm.,24,New farmers and entrepreneurs
Advanced Digital Marketing,Master advanced strategies in digital marketing.,24,Experienced marketers
Introduction to Python,Learn Python programming from scratch.,24,Anyone interested in coding
Tamil Language Course,Learn to speak and write Tamil.,20,Beginners
Dairy Farming Basics,Understand the fundamentals of dairy farming and cattle management.,6,Aspiring dairy farmers
Organic Vegetable Gardening,Grow your own organic vegetables at home.,24,Home gardeners
High School Graduate Opportunities,Explore career and educational paths after high school.,24,High school graduates


